Position	Haplogroup	Mut_type	Ins_type
77	L3	X	N
158	A'B	X	N
160	J	X	N
222	G	X	N
267	C2	X	N
278	E	X	N
287	AMM	X	N
302	Q	X	N
341	Q	X	N
356	A'B	X	N
381	E'G	X	N
383	J	T	N
386	E'G	X	N
415	F'G	X	N
426	M	X	N
724	AMM	X	N
738	O'Q	X	N
858	B	X	N
859	O'Q	X	N
956	C	X	N
960	A'K	X	N
1133	E	X	N
1154	J'K	X	N
1374	L	X	N
1382	P	X	N
1386	A'C	D	N
1545	H	X	N
1586	I	X	N
1608	M'N	T	N
1667	H	X	N
1683	O'P	C	N
1693	D	X	N
1790	I	X	N
2158	AMM	X	N
2216	D	X	N
2238	C	X	N
2263	J	X	N
2316	R	X	N
2339	M'N	A	N
2607	L2	X	N
2614	I	X	N
2770	I	X	N
2788	A'C	X	N
2802	N	X	N
2803	K	X	N
2863	J'K	X	N
2869	R	X	N
2887	R	X	N
2899	L	X	N
2938	E	X	N
2940	F'G	X	N
3052	R	X	N
3053	G	X	N
3058	AMM	X	N
3064	H	X	N
3070	L	back	N
3070	A'K	X	N
3100	M	X	N
3259	O'Q	T	N
3271	O'Q	X	N
3283	K	X	N
3364	K	X	N
3371	F	X	N
3424	K	X	N
3475	M'N	X	N
3517	L	X	N
3557	N	X	N
3557	O'P	X	N
3562	F	X	N
3576	F'G	X	N
3616	O'Q	X	N
3800	A'Q	X	N
3848	AMM	X	N
3942	A'K	X	N
3942	M'N	back	N
3963	J'K	X	N
4062	A'B	X	N
4063	I	X	N
4104	R	X	N
4113	R	X	N
4182	H	X	N
4188	J	X	N
4201	Q	X	N
4275	R	X	N
4296	J'K	X	N
4306	AMM	X	N
4332	J'K	X	N
4392	I	X	N
4459	R	X	N
4526	M'N	X	N
4536	A'K	X	N
4596	R	X	N
4605	M'Q	X	N
4608	J'K	X	N
4646	A'D	X	N
4669	A'I	X	N
4785	J	X	N
4830	E'I	X	N
4884	C	X	N
4893	K	X	N
4898	M'N	X	N
4917	N	X	N
4918	R	X	N
4969	E	X	N
4993	C	X	N
5061	I	X	N
5103	M	X	N
5210	I	X	N
5217	H'I	D	N
5273	H	X	N
5380	R	X	N
5418	R	X	N
5457	R	X	N
5499	D	X	N
5500	G	X	N
5502	C	X	N
5529	A'K	X	N
5697	K	X	N
5817	L	X	N
5823	O	X	N
5829	M'Q	X	N
5832	E'G	X	N
5877	Q2	X	N
5883	G	X	N
5886	A'D	X	N
5931	B	X	N
5931	B1	back	N
6006	A'D	X	N
6093	AMM	X	N
6129	H	X	N
6249	I	X	N
6277	X	X	N
6300	AMM	X	N
6309	A'I	X	N
6390	J'K	X	N
6414	R	X	N
6474	J	X	N
6507	P	X	N
6531	O'Q	X	N
6534	D	X	N
6567	H	X	N
6600	R	X	N
6714	M'Q	X	N
6726	R	X	N
6747	O	X	N
6837	H	X	N
6879	J'K	X	N
6932	R	X	N
6949	R	X	N
7003	A'C	X	N
7059	J'K	X	N
7203	J'K	X	N
7245	O'Q	X	N
7249	AMM	X	N
7296	Q	X	N
7377	O	X	N
7429	O'P	X	N
7434	M'N	X	N
7449	R	X	N
7479	AMM	X	N
7506	F	X	N
7518	L	X	N
7575	R	X	N
7614	O'Q	T	N
7629	B	X	N
7668	A'K	X	N
7689	G3	X	N
7726	AMM	X	N
7748	F	X	N
7900	O'Q	X	N
7902	A'L	X	N
7914	R	X	N
7944	C	X	N
8007	A'I	X	N
8039	E'G	X	N
8077	K	X	N
8078	M'Q	X	N
8084	J'K	X	N
8152	A'Q	X	N
8177	M'N	X	N
8240	M'Q	X	N
8282	N	X	N
8291	J	X	N
8303	L	X	N
8321	L	X	N
8354	E	X	N
8360	A'K	X	N
8381	I	X	N
8405	L2	X	N
8444	J'K	X	N
8492	AMM	X	N
8504	R	X	N
8550	X	X	N
8558	M'Q	T	N
8567	A'K	X	N
8587	K	X	N
8633	K	X	N
8662	K	X	N
8680	R	X	N
8791	F	X	N
8794	I	X	N
8800	M'N	X	N
8857	O'Q	X	N
8869	D	X	N
8971	R	X	N
9055	O'P	X	N
9073	S	X	N
9088	A'Q	X	N
9197	G2	X	N
9205	Q	X	N
9211	H	X	N
9220	AMM	X	N
9241	A'C	X	N
9241	M	back	N
9250	J	X	N
9280	C1	X	N
9304	R	T	N
9333	E	X	N
9334	M'N	X	N
9395	K	X	N
9398	J'K	X	N
9403	AMM	X	N
9542	M'N	X	N
9620	R	X	N
9666	C	X	N
9671	E'G	X	N
9743	G	A	N
9777	O'Q	X	N
9794	K	X	N
9950	I	X	N
9953	L	X	N
9963	B	X	N
10085	H'I	X	N
10112	A'K	X	N
10175	A'Q	X	N
10216	A'C	X	N
10240	I	X	N
10294	A'L	X	N
10363	O	T	N
10369	R	X	N
10378	A'D	X	N
10406	N	X	N
10408	AMM	X	N
10417	K	X	N
10423	L	X	N
10450	X	X	N
10462	M'N	X	N
10473	E'G	X	N
10503	O	X	N
10519	N	X	N
10615	L	X	N
10648	M'N	X	N
10688	E	X	N
10753	R	X	N
10766	B	X	N
10861	M'Q	X	N
10888	R	X	N
10916	H	X	N
10927	R	X	N
11002	K	X	N
11048	C	X	N
11083	J	X	N
11131	C	X	N
11167	F'G	X	N
11180	R	X	N
11242	A'B	X	N
11380	O'Q	X	N
11385	R	X	N
11396	M'Q	X	N
11419	D	X	N
11426	O'Q	X	N
11459	D	X	N
11494	M'Q	X	N
11554	G	X	N
11616	R	X	N
11684	L1	X	N
11695	L	X	N
11822	F	X	N
11823	J	X	N
11829	I	X	N
11844	A'I	X	N
11851	X	A	N
11852	K	X	N
11881	A'K	X	N
11935	J	X	N
11944	Q3	X	N
11968	A'Q	X	N
12031	M'N	X	N
12085	AMM	X	N
12097	M'N	X	N
12121	L	X	N
12169	O'Q	X	N
12193	D	X	N
12202	L	X	N
12220	D	X	N
12232	O'Q	X	N
12289	O'P	X	N
12307	O	X	N
12316	AMM	X	N
12406	O'Q	X	N
12430	R	X	N
12445	I	X	N
12628	AMM	X	N
12655	E	X	N
12685	I	X	N
12709	K	X	N
12718	AMM	X	N
12769	A'I	X	N
12793	D	X	N
12802	AMM	X	N
12834	E	X	N
12862	E'G	X	N
12898	L	X	N
12929	O	X	N
12943	R	X	N
12952	L	X	N
13044	F	X	N
13051	A'D	X	N
13081	C	X	N
13102	M'N	X	N
13126	J	X	N
13213	R	X	N
13216	R	X	N
13225	G	X	N
13231	J'K	X	N
13234	Q3	X	N
13261	E	X	N
13277	R	T	N
13335	A'D	X	N
13372	P	X	N
13436	R	X	N
13465	O'Q	X	N
13522	L	X	N
13569	N	X	N
13617	M'N	X	N
13631	M'Q	X	N
13698	AMM	X	N
13722	M'N	X	N
13763	H'I	X	N
13768	R	X	N
13818	B1	X	N
13922	A'Q	X	N
13935	A'Q	X	N
13949	O	X	N
13953	O	X	N
14025	AMM	X	N
14040	I1	X	N
14116	R	X	N
14177	K	X	N
14202	D	X	N
14208	E	X	N
14352	E'G	X	N
14397	J'K	X	N
14424	M'N	X	N
14553	J'K	X	N
14556	I	X	N
14653	G1	X	N
14673	M'N	X	N
14736	F'G	X	N
14805	A'K	X	N
14817	M'N	X	N
14886	R	X	N
14898	AMM	X	N
14910	E	X	N
14955	R	X	N
14997	L	X	N
15012	K	X	N
15054	M'N	A	N
15078	R	X	N
15108	R	X	N
15135	M'N	X	N
15144	AMM	X	N
15173	K	X	N
15204	O'Q	X	N
15229	K	X	N
15249	R	X	N
15252	R	T	N
15315	L	X	N
15344	M'Q	X	N
15494	L	X	N
15496	L	X	N
15521	D	X	N
15532	J	D	N
15534	L	X	N
15538	I	X	N
15542	E'G	X	N
15544	K	X	N
15595	F	X	N
15598	R	X	N
15601	N	X	N
15602	L2	back	N
15602	A'C	X	N
15603	L	X	N
15615	R	X	N
15616	R	X	N
15617	M	X	N
15649	L	X	N
15667	O'P	X	N
15686	K	X	N
15709	I	X	N
15720	A	X	N
15737	D	X	N
15740	Q	X	N
15775	S	X	N
15776	R	X	N
15777	O'Q	X	N
15806	A'Q	X	N
15806	O'Q	back	N
15807	J'K	X	N
15809	O'P	X	N
15810	X	X	N
15826	A'D	back	N
15826	I	X	N
15827	X	X	N
15869	M'N	X	N
15995	Q2	X	N
15996	R	X	N
16007	N	X	N
16031	G1	X	N
16037	Q	X	N
16038	O'Q	X	N
16055	B	X	N
16057	Q	X	N
16063	O'Q	I 	C
16071	J'K	X	N
16080	M	X	N
16087	D	X	N
16121	M'Q	X	N
16371	A'B	X	N
16394	D	X	N
16476	R	X	N
16514	F	X	N
16540	R	X	N
16543	A'Q	A	N
16546	M'N	X	N
16559	M'N	X	N
